Goal Area,Time,Classification,Tag,Frame

[460 516 82 82],0.00282597541809,False,DoG_bhuman,AnalysisData/frame707.jpg
[460 516 82 82],0.00262713432312,False,DoG_Constrast,AnalysisData/frame707.jpg
[460 516 82 82],0.00100708007812,True,DoG_HoG,AnalysisData/frame707.jpg
[460 516 82 82],0.13684797287,True,DoG_CNN,AnalysisData/frame707.jpg
[885 148 49 49],0.0046329498291,False,DoG_bhuman,AnalysisData/frame707.jpg
[885 148 49 49],0.0197329521179,True,DoG_Constrast,AnalysisData/frame707.jpg
[885 148 49 49],0.00059986114502,False,DoG_HoG,AnalysisData/frame707.jpg
[885 148 49 49],0.0425570011139,True,DoG_CNN,AnalysisData/frame707.jpg
[434 140 34 34],0.000308036804199,False,DoG_bhuman,AnalysisData/frame707.jpg
[434 140 34 34],0.00302505493164,True,DoG_Constrast,AnalysisData/frame707.jpg
[434 140 34 34],0.000600814819336,False,DoG_HoG,AnalysisData/frame707.jpg
[434 140 34 34],0.0368559360504,False,DoG_CNN,AnalysisData/frame707.jpg
[460 517 81 81],0.00290298461914,False,Lap_bhuman,AnalysisData/frame707.jpg
[460 517 81 81],0.00265693664551,False,Lap_Constrast,AnalysisData/frame707.jpg
[460 517 81 81],0.000508069992065,True,Lap_HoG,AnalysisData/frame707.jpg
[460 517 81 81],0.0402071475983,True,Lap_CNN,AnalysisData/frame707.jpg
[892 155 35 35],0.000747919082642,False,Lap_bhuman,AnalysisData/frame707.jpg
[892 155 35 35],0.000710964202881,False,Lap_Constrast,AnalysisData/frame707.jpg
[892 155 35 35],0.000585794448853,False,Lap_HoG,AnalysisData/frame707.jpg
[892 155 35 35],0.0384719371796,False,Lap_CNN,AnalysisData/frame707.jpg
[440 147 21 21],0.000308990478516,False,Lap_bhuman,AnalysisData/frame707.jpg
[440 147 21 21],0.000231027603149,True,Lap_Constrast,AnalysisData/frame707.jpg
[440 147 21 21],0.000557899475098,False,Lap_HoG,AnalysisData/frame707.jpg
[440 147 21 21],0.0451409816742,False,Lap_CNN,AnalysisData/frame707.jpg
[450 378 62 62],0.00166201591492,False,DoG_bhuman,AnalysisData/frame2955.jpg
[450 378 62 62],0.00820398330688,True,DoG_Constrast,AnalysisData/frame2955.jpg
[450 378 62 62],0.000505924224854,False,DoG_HoG,AnalysisData/frame2955.jpg
[450 378 62 62],0.0472249984741,True,DoG_CNN,AnalysisData/frame2955.jpg
[484 355 84 84],0.00254607200623,True,DoG_bhuman,AnalysisData/frame2955.jpg
[484 355 84 84],0.032613992691,True,DoG_Constrast,AnalysisData/frame2955.jpg
[484 355 84 84],0.000524044036865,False,DoG_HoG,AnalysisData/frame2955.jpg
[484 355 84 84],0.0418879985809,False,DoG_CNN,AnalysisData/frame2955.jpg
[355 251 62 62],0.00122904777527,False,DoG_bhuman,AnalysisData/frame2955.jpg
[355 251 62 62],0.00117707252502,False,DoG_Constrast,AnalysisData/frame2955.jpg
[355 251 62 62],0.000591993331909,False,DoG_HoG,AnalysisData/frame2955.jpg
[355 251 62 62],0.042927980423,False,DoG_CNN,AnalysisData/frame2955.jpg
[323 251 66 66],3.31401824951e-05,False,DoG_bhuman,AnalysisData/frame2955.jpg
[323 251 66 66],1.50203704834e-05,False,DoG_Constrast,AnalysisData/frame2955.jpg
[323 251 66 66],0.000622034072876,False,DoG_HoG,AnalysisData/frame2955.jpg
[323 251 66 66],0.0386500358582,False,DoG_CNN,AnalysisData/frame2955.jpg
[541 389 40 40],0.00279712677002,True,DoG_bhuman,AnalysisData/frame2955.jpg
[541 389 40 40],0.0146670341492,True,DoG_Constrast,AnalysisData/frame2955.jpg
[541 389 40 40],0.000581026077271,True,DoG_HoG,AnalysisData/frame2955.jpg
[541 389 40 40],0.0438959598541,True,DoG_CNN,AnalysisData/frame2955.jpg
[448 316 55 55],0.0018470287323,False,DoG_bhuman,AnalysisData/frame2955.jpg
[448 316 55 55],0.0192651748657,True,DoG_Constrast,AnalysisData/frame2955.jpg
[448 316 55 55],0.000547170639038,False,DoG_HoG,AnalysisData/frame2955.jpg
[448 316 55 55],0.0424070358276,False,DoG_CNN,AnalysisData/frame2955.jpg
[505 320 31 31],0.000857830047607,False,DoG_bhuman,AnalysisData/frame2955.jpg
[505 320 31 31],0.000892162322998,False,DoG_Constrast,AnalysisData/frame2955.jpg
[505 320 31 31],0.000581026077271,False,DoG_HoG,AnalysisData/frame2955.jpg
[505 320 31 31],0.0364098548889,False,DoG_CNN,AnalysisData/frame2955.jpg
[834 276 31 31],0.00144004821777,False,DoG_bhuman,AnalysisData/frame2955.jpg
[834 276 31 31],0.000220060348511,True,DoG_Constrast,AnalysisData/frame2955.jpg
[834 276 31 31],0.000581026077271,False,DoG_HoG,AnalysisData/frame2955.jpg
[834 276 31 31],0.0444769859314,False,DoG_CNN,AnalysisData/frame2955.jpg
[340 254 61 61],2.38418579102e-05,False,Lap_bhuman,AnalysisData/frame2955.jpg
[340 254 61 61],1.31130218506e-05,False,Lap_Constrast,AnalysisData/frame2955.jpg
[340 254 61 61],0.000572919845581,False,Lap_HoG,AnalysisData/frame2955.jpg
[340 254 61 61],0.0466229915619,False,Lap_CNN,AnalysisData/frame2955.jpg
[457 385 48 48],0.00206089019775,False,Lap_bhuman,AnalysisData/frame2955.jpg
[457 385 48 48],0.00947999954224,True,Lap_Constrast,AnalysisData/frame2955.jpg
[457 385 48 48],0.00055193901062,False,Lap_HoG,AnalysisData/frame2955.jpg
[457 385 48 48],0.0433728694916,True,Lap_CNN,AnalysisData/frame2955.jpg
[540 389 41 41],0.00280690193176,True,Lap_bhuman,AnalysisData/frame2955.jpg
[540 389 41 41],0.0134840011597,True,Lap_Constrast,AnalysisData/frame2955.jpg
[540 389 41 41],0.000558137893677,True,Lap_HoG,AnalysisData/frame2955.jpg
[540 389 41 41],0.041307926178,True,Lap_CNN,AnalysisData/frame2955.jpg
[491 362 70 70],0.00130796432495,False,Lap_bhuman,AnalysisData/frame2955.jpg
[491 362 70 70],0.00131797790527,False,Lap_Constrast,AnalysisData/frame2955.jpg
[491 362 70 70],0.000598192214966,False,Lap_HoG,AnalysisData/frame2955.jpg
[491 362 70 70],0.0393159389496,False,Lap_CNN,AnalysisData/frame2955.jpg
[455 323 41 41],0.000786781311035,False,Lap_bhuman,AnalysisData/frame2955.jpg
[455 323 41 41],0.000757932662964,False,Lap_Constrast,AnalysisData/frame2955.jpg
[455 323 41 41],0.000575065612793,False,Lap_HoG,AnalysisData/frame2955.jpg
[455 323 41 41],0.0412080287933,False,Lap_CNN,AnalysisData/frame2955.jpg
[355 271 31 31],3.40938568115e-05,False,Lap_bhuman,AnalysisData/frame2955.jpg
[355 271 31 31],1.50203704834e-05,False,Lap_Constrast,AnalysisData/frame2955.jpg
[355 271 31 31],0.000624179840088,False,Lap_HoG,AnalysisData/frame2955.jpg
[355 271 31 31],0.0402569770813,True,Lap_CNN,AnalysisData/frame2955.jpg
[510 325 21 21],0.000787019729614,False,Lap_bhuman,AnalysisData/frame2955.jpg
[510 325 21 21],0.00074315071106,False,Lap_Constrast,AnalysisData/frame2955.jpg
[510 325 21 21],0.000580072402954,False,Lap_HoG,AnalysisData/frame2955.jpg
[510 325 21 21],0.0502550601959,False,Lap_CNN,AnalysisData/frame2955.jpg
[839 281 21 21],0.00143814086914,False,Lap_bhuman,AnalysisData/frame2955.jpg
[839 281 21 21],0.000213861465454,True,Lap_Constrast,AnalysisData/frame2955.jpg
[839 281 21 21],0.00055193901062,False,Lap_HoG,AnalysisData/frame2955.jpg
[839 281 21 21],0.0385739803314,False,Lap_CNN,AnalysisData/frame2955.jpg
[1185 378 80 80],0.000858068466187,False,DoG_bhuman,AnalysisData/frame1139.jpg
[1185 378 80 80],0.000806093215942,False,DoG_Constrast,AnalysisData/frame1139.jpg
[1185 378 80 80],0.000638008117676,False,DoG_HoG,AnalysisData/frame1139.jpg
[1185 378 80 80],0.0435450077057,False,DoG_CNN,AnalysisData/frame1139.jpg
[549 154 84 84],0.000303983688354,False,DoG_bhuman,AnalysisData/frame1139.jpg
[549 154 84 84],0.000255823135376,True,DoG_Constrast,AnalysisData/frame1139.jpg
[549 154 84 84],0.00059700012207,False,DoG_HoG,AnalysisData/frame1139.jpg
[549 154 84 84],0.0414009094238,True,DoG_CNN,AnalysisData/frame1139.jpg
[1197 169 76 76],0.000319957733154,False,DoG_bhuman,AnalysisData/frame1139.jpg
[1197 169 76 76],0.00025486946106,True,DoG_Constrast,AnalysisData/frame1139.jpg
[1197 169 76 76],0.000532150268555,False,DoG_HoG,AnalysisData/frame1139.jpg
[1197 169 76 76],0.0390901565552,True,DoG_CNN,AnalysisData/frame1139.jpg
[655 130 51 51],0.00148415565491,False,DoG_bhuman,AnalysisData/frame1139.jpg
[655 130 51 51],0.00240182876587,False,DoG_Constrast,AnalysisData/frame1139.jpg
[655 130 51 51],0.000741004943848,False,DoG_HoG,AnalysisData/frame1139.jpg
[655 130 51 51],0.0401158332825,True,DoG_CNN,AnalysisData/frame1139.jpg
[678 48 56 56],0.00135898590088,False,Lap_bhuman,AnalysisData/frame1139.jpg
[678 48 56 56],0.00128507614136,False,Lap_Constrast,AnalysisData/frame1139.jpg
[678 48 56 56],0.000531911849976,False,Lap_HoG,AnalysisData/frame1139.jpg
[678 48 56 56],0.0429229736328,False,Lap_CNN,AnalysisData/frame1139.jpg
[555 58 72 72],0.000444889068604,False,Lap_bhuman,AnalysisData/frame1139.jpg
[555 58 72 72],0.000317096710205,True,Lap_Constrast,AnalysisData/frame1139.jpg
[555 58 72 72],0.000715970993042,False,Lap_HoG,AnalysisData/frame1139.jpg
[555 58 72 72],0.0432558059692,False,Lap_CNN,AnalysisData/frame1139.jpg
[1190 385 66 66],0.00061297416687,False,Lap_bhuman,AnalysisData/frame1139.jpg
[1190 385 66 66],0.000588178634644,False,Lap_Constrast,AnalysisData/frame1139.jpg
[1190 385 66 66],0.000594139099121,False,Lap_HoG,AnalysisData/frame1139.jpg
[1190 385 66 66],0.041218996048,False,Lap_CNN,AnalysisData/frame1139.jpg
[556 161 70 70],0.000306844711304,False,Lap_bhuman,AnalysisData/frame1139.jpg
[556 161 70 70],0.000266075134277,True,Lap_Constrast,AnalysisData/frame1139.jpg
[556 161 70 70],0.000555038452148,False,Lap_HoG,AnalysisData/frame1139.jpg
[556 161 70 70],0.0437560081482,True,Lap_CNN,AnalysisData/frame1139.jpg
[1202 176 62 62],0.000468015670776,False,Lap_bhuman,AnalysisData/frame1139.jpg
[1202 176 62 62],0.000332117080688,True,Lap_Constrast,AnalysisData/frame1139.jpg
[1202 176 62 62],0.000730991363525,False,Lap_HoG,AnalysisData/frame1139.jpg
[1202 176 62 62],0.0392670631409,False,Lap_CNN,AnalysisData/frame1139.jpg
[560 1 61 61],0.00205993652344,False,Lap_bhuman,AnalysisData/frame1139.jpg
[560 1 61 61],0.00201797485352,False,Lap_Constrast,AnalysisData/frame1139.jpg
[560 1 61 61],0.000577926635742,False,Lap_HoG,AnalysisData/frame1139.jpg
[560 1 61 61],0.0389528274536,False,Lap_CNN,AnalysisData/frame1139.jpg
[640 1 51 51],0.00122308731079,False,Lap_bhuman,AnalysisData/frame1139.jpg
[640 1 51 51],0.00118684768677,False,Lap_Constrast,AnalysisData/frame1139.jpg
[640 1 51 51],0.000606060028076,False,Lap_HoG,AnalysisData/frame1139.jpg
[640 1 51 51],0.0433249473572,True,Lap_CNN,AnalysisData/frame1139.jpg
[361 386 39 39],2.31266021729e-05,False,DoG_bhuman,AnalysisData/frame196.jpg
[361 386 39 39],1.28746032715e-05,False,DoG_Constrast,AnalysisData/frame196.jpg
[361 386 39 39],0.000493049621582,False,DoG_HoG,AnalysisData/frame196.jpg
[361 386 39 39],0.0408868789673,False,DoG_CNN,AnalysisData/frame196.jpg
[1176 426 38 38],3.31401824951e-05,False,DoG_bhuman,AnalysisData/frame196.jpg
[1176 426 38 38],1.4066696167e-05,False,DoG_Constrast,AnalysisData/frame196.jpg
[1176 426 38 38],0.000504970550537,False,DoG_HoG,AnalysisData/frame196.jpg
[1176 426 38 38],0.0417029857635,False,DoG_CNN,AnalysisData/frame196.jpg
[401 396 30 30],3.981590271e-05,False,DoG_bhuman,AnalysisData/frame196.jpg
[401 396 30 30],1.90734863281e-05,False,DoG_Constrast,AnalysisData/frame196.jpg
[401 396 30 30],0.000756025314331,False,DoG_HoG,AnalysisData/frame196.jpg
[401 396 30 30],0.0454308986664,False,DoG_CNN,AnalysisData/frame196.jpg
[511 399 30 30],3.38554382324e-05,False,DoG_bhuman,AnalysisData/frame196.jpg
[511 399 30 30],1.50203704834e-05,False,DoG_Constrast,AnalysisData/frame196.jpg
[511 399 30 30],0.00058913230896,False,DoG_HoG,AnalysisData/frame196.jpg
[511 399 30 30],0.0431818962097,False,DoG_CNN,AnalysisData/frame196.jpg
[712 399 37 37],3.2901763916e-05,False,DoG_bhuman,AnalysisData/frame196.jpg
[712 399 37 37],1.50203704834e-05,False,DoG_Constrast,AnalysisData/frame196.jpg
[712 399 37 37],0.000604867935181,False,DoG_HoG,AnalysisData/frame196.jpg
[712 399 37 37],0.0431289672852,False,DoG_CNN,AnalysisData/frame196.jpg
[673 398 35 35],4.10079956055e-05,False,DoG_bhuman,AnalysisData/frame196.jpg
[673 398 35 35],1.90734863281e-05,False,DoG_Constrast,AnalysisData/frame196.jpg
[673 398 35 35],0.000802993774414,False,DoG_HoG,AnalysisData/frame196.jpg
[673 398 35 35],0.0429661273956,False,DoG_CNN,AnalysisData/frame196.jpg
[803 404 34 34],3.19480895996e-05,False,DoG_bhuman,AnalysisData/frame196.jpg
[803 404 34 34],1.50203704834e-05,False,DoG_Constrast,AnalysisData/frame196.jpg
[803 404 34 34],0.000581026077271,False,DoG_HoG,AnalysisData/frame196.jpg
[803 404 34 34],0.0395150184631,False,DoG_CNN,AnalysisData/frame196.jpg
[624 397 33 33],4.29153442383e-05,False,DoG_bhuman,AnalysisData/frame196.jpg
[624 397 33 33],1.38282775879e-05,False,DoG_Constrast,AnalysisData/frame196.jpg
[624 397 33 33],0.000562906265259,False,DoG_HoG,AnalysisData/frame196.jpg
[624 397 33 33],0.0415828227997,False,DoG_CNN,AnalysisData/frame196.jpg
[470 377 71 71],2.69412994385e-05,False,Lap_bhuman,AnalysisData/frame196.jpg
[470 377 71 71],1.31130218506e-05,False,Lap_Constrast,AnalysisData/frame196.jpg
[470 377 71 71],0.000555038452148,False,Lap_HoG,AnalysisData/frame196.jpg
[470 377 71 71],0.0387818813324,False,Lap_CNN,AnalysisData/frame196.jpg
[789 401 41 41],3.2901763916e-05,False,Lap_bhuman,AnalysisData/frame196.jpg
[789 401 41 41],1.38282775879e-05,False,Lap_Constrast,AnalysisData/frame196.jpg
[789 401 41 41],0.000560998916626,False,Lap_HoG,AnalysisData/frame196.jpg
[789 401 41 41],0.0467810630798,False,Lap_CNN,AnalysisData/frame196.jpg
[1179 430 31 31],3.31401824951e-05,False,Lap_bhuman,AnalysisData/frame196.jpg
[1179 430 31 31],1.38282775879e-05,False,Lap_Constrast,AnalysisData/frame196.jpg
[1179 430 31 31],0.000492095947266,False,Lap_HoG,AnalysisData/frame196.jpg
[1179 430 31 31],0.042307138443,False,Lap_CNN,AnalysisData/frame196.jpg
[680 405 21 21],3.38554382324e-05,False,Lap_bhuman,AnalysisData/frame196.jpg
[680 405 21 21],1.4066696167e-05,False,Lap_Constrast,AnalysisData/frame196.jpg
[680 405 21 21],0.000564098358154,False,Lap_HoG,AnalysisData/frame196.jpg
[680 405 21 21],0.0409889221191,False,Lap_CNN,AnalysisData/frame196.jpg
[719 406 23 23],3.31401824951e-05,False,Lap_bhuman,AnalysisData/frame196.jpg
[719 406 23 23],1.47819519043e-05,False,Lap_Constrast,AnalysisData/frame196.jpg
[719 406 23 23],0.000553131103516,False,Lap_HoG,AnalysisData/frame196.jpg
[719 406 23 23],0.0478429794312,False,Lap_CNN,AnalysisData/frame196.jpg
[630 403 21 21],5.41210174561e-05,False,Lap_bhuman,AnalysisData/frame196.jpg
[630 403 21 21],1.69277191162e-05,False,Lap_Constrast,AnalysisData/frame196.jpg
[630 403 21 21],0.000687122344971,False,Lap_HoG,AnalysisData/frame196.jpg
[630 403 21 21],0.0434169769287,False,Lap_CNN,AnalysisData/frame196.jpg
[1187 442 6 6],3.19480895996e-05,False,Lap_bhuman,AnalysisData/frame196.jpg
[1187 442 6 6],1.4066696167e-05,False,Lap_Constrast,AnalysisData/frame196.jpg
[1187 442 6 6],0.000458002090454,False,Lap_HoG,AnalysisData/frame196.jpg
[1187 442 6 6],0.0442039966583,False,Lap_CNN,AnalysisData/frame196.jpg
[745 169 52 52],0.000239849090576,False,DoG_bhuman,AnalysisData/frame1001.jpg
[745 169 52 52],0.000221014022827,True,DoG_Constrast,AnalysisData/frame1001.jpg
[745 169 52 52],0.000523090362549,False,DoG_HoG,AnalysisData/frame1001.jpg
[745 169 52 52],0.0442771911621,True,DoG_CNN,AnalysisData/frame1001.jpg
[640 170 51 51],0.000305891036987,False,DoG_bhuman,AnalysisData/frame1001.jpg
[640 170 51 51],0.000257015228271,True,DoG_Constrast,AnalysisData/frame1001.jpg
[640 170 51 51],0.000572919845581,False,DoG_HoG,AnalysisData/frame1001.jpg
[640 170 51 51],0.0431771278381,True,DoG_CNN,AnalysisData/frame1001.jpg
[645 238 51 51],0.000305891036987,False,DoG_bhuman,AnalysisData/frame1001.jpg
[645 238 51 51],0.000252962112427,True,DoG_Constrast,AnalysisData/frame1001.jpg
[645 238 51 51],0.000550985336304,False,DoG_HoG,AnalysisData/frame1001.jpg
[645 238 51 51],0.0404551029205,False,DoG_CNN,AnalysisData/frame1001.jpg
[270 164 42 42],3.2901763916e-05,False,DoG_bhuman,AnalysisData/frame1001.jpg
[270 164 42 42],1.4066696167e-05,False,DoG_Constrast,AnalysisData/frame1001.jpg
[270 164 42 42],0.000597953796387,False,DoG_HoG,AnalysisData/frame1001.jpg
[270 164 42 42],0.0466058254242,True,DoG_CNN,AnalysisData/frame1001.jpg
[789 155 42 42],0.00206184387207,True,DoG_bhuman,AnalysisData/frame1001.jpg
[789 155 42 42],0.00526404380798,False,DoG_Constrast,AnalysisData/frame1001.jpg
[789 155 42 42],0.000578165054321,False,DoG_HoG,AnalysisData/frame1001.jpg
[789 155 42 42],0.0411729812622,False,DoG_CNN,AnalysisData/frame1001.jpg
[836 167 28 28],3.40938568115e-05,False,DoG_bhuman,AnalysisData/frame1001.jpg
[836 167 28 28],1.4066696167e-05,False,DoG_Constrast,AnalysisData/frame1001.jpg
[836 167 28 28],0.000581026077271,False,DoG_HoG,AnalysisData/frame1001.jpg
[836 167 28 28],0.0373020172119,False,DoG_CNN,AnalysisData/frame1001.jpg
[750 175 41 41],0.000260829925537,False,Lap_bhuman,AnalysisData/frame1001.jpg
[750 175 41 41],0.000249147415161,True,Lap_Constrast,AnalysisData/frame1001.jpg
[750 175 41 41],0.000478982925415,False,Lap_HoG,AnalysisData/frame1001.jpg
[750 175 41 41],0.0418720245361,True,Lap_CNN,AnalysisData/frame1001.jpg
[659 198 74 74],0.00184988975525,False,Lap_bhuman,AnalysisData/frame1001.jpg
[659 198 74 74],0.00180697441101,False,Lap_Constrast,AnalysisData/frame1001.jpg
[659 198 74 74],0.000610828399658,False,Lap_HoG,AnalysisData/frame1001.jpg
[659 198 74 74],0.0406320095062,False,Lap_CNN,AnalysisData/frame1001.jpg
[260 165 41 41],0.00203609466553,False,Lap_bhuman,AnalysisData/frame1001.jpg
[260 165 41 41],0.00889086723328,False,Lap_Constrast,AnalysisData/frame1001.jpg
[260 165 41 41],0.000572204589844,False,Lap_HoG,AnalysisData/frame1001.jpg
[260 165 41 41],0.0373170375824,False,Lap_CNN,AnalysisData/frame1001.jpg
[647 177 37 37],0.00031304359436,False,Lap_bhuman,AnalysisData/frame1001.jpg
[647 177 37 37],0.000241041183472,True,Lap_Constrast,AnalysisData/frame1001.jpg
[647 177 37 37],0.000594854354858,False,Lap_HoG,AnalysisData/frame1001.jpg
[647 177 37 37],0.0422358512878,False,Lap_CNN,AnalysisData/frame1001.jpg
[796 162 28 28],0.00206685066223,True,Lap_bhuman,AnalysisData/frame1001.jpg
[796 162 28 28],0.00531697273254,False,Lap_Constrast,AnalysisData/frame1001.jpg
[796 162 28 28],0.000563144683838,False,Lap_HoG,AnalysisData/frame1001.jpg
[796 162 28 28],0.0393891334534,False,Lap_CNN,AnalysisData/frame1001.jpg
[839 171 21 21],3.2901763916e-05,False,Lap_bhuman,AnalysisData/frame1001.jpg
[839 171 21 21],1.4066696167e-05,False,Lap_Constrast,AnalysisData/frame1001.jpg
[839 171 21 21],0.000581979751587,False,Lap_HoG,AnalysisData/frame1001.jpg
[839 171 21 21],0.0440101623535,False,Lap_CNN,AnalysisData/frame1001.jpg
[750 240 21 21],0.000305891036987,False,Lap_bhuman,AnalysisData/frame1001.jpg
[750 240 21 21],0.000226974487305,True,Lap_Constrast,AnalysisData/frame1001.jpg
[750 240 21 21],0.000574111938477,False,Lap_HoG,AnalysisData/frame1001.jpg
[750 240 21 21],0.039381980896,True,Lap_CNN,AnalysisData/frame1001.jpg
[1125 265 89 89],0.00198197364807,False,DoG_bhuman,AnalysisData/frame1644.jpg
[1125 265 89 89],0.0183072090149,False,DoG_Constrast,AnalysisData/frame1644.jpg
[1125 265 89 89],0.000505924224854,True,DoG_HoG,AnalysisData/frame1644.jpg
[1125 265 89 89],0.0407500267029,True,DoG_CNN,AnalysisData/frame1644.jpg
[1039 240 72 72],0.000754117965698,False,DoG_bhuman,AnalysisData/frame1644.jpg
[1039 240 72 72],0.000699043273926,False,DoG_Constrast,AnalysisData/frame1644.jpg
[1039 240 72 72],0.000584840774536,False,DoG_HoG,AnalysisData/frame1644.jpg
[1039 240 72 72],0.0464899539948,False,DoG_CNN,AnalysisData/frame1644.jpg
[306 293 60 60],0.00224709510803,False,DoG_bhuman,AnalysisData/frame1644.jpg
[306 293 60 60],0.000308036804199,True,DoG_Constrast,AnalysisData/frame1644.jpg
[306 293 60 60],0.000766038894653,False,DoG_HoG,AnalysisData/frame1644.jpg
[306 293 60 60],0.0477759838104,True,DoG_CNN,AnalysisData/frame1644.jpg
[1033 409 63 63],3.31401824951e-05,False,DoG_bhuman,AnalysisData/frame1644.jpg
[1033 409 63 63],1.50203704834e-05,False,DoG_Constrast,AnalysisData/frame1644.jpg
[1033 409 63 63],0.00055193901062,False,DoG_HoG,AnalysisData/frame1644.jpg
[1033 409 63 63],0.0404860973358,False,DoG_CNN,AnalysisData/frame1644.jpg
[1030 310 59 59],0.000545024871826,False,DoG_bhuman,AnalysisData/frame1644.jpg
[1030 310 59 59],0.000509977340698,False,DoG_Constrast,AnalysisData/frame1644.jpg
[1030 310 59 59],0.000587940216064,False,DoG_HoG,AnalysisData/frame1644.jpg
[1030 310 59 59],0.0426971912384,True,DoG_CNN,AnalysisData/frame1644.jpg
[1015 244 29 29],0.000468015670776,False,DoG_bhuman,AnalysisData/frame1644.jpg
[1015 244 29 29],0.000351905822754,True,DoG_Constrast,AnalysisData/frame1644.jpg
[1015 244 29 29],0.00075888633728,False,DoG_HoG,AnalysisData/frame1644.jpg
[1015 244 29 29],0.0398609638214,False,DoG_CNN,AnalysisData/frame1644.jpg
[1132 272 75 75],0.0019519329071,False,Lap_bhuman,AnalysisData/frame1644.jpg
[1132 272 75 75],0.0191218852997,False,Lap_Constrast,AnalysisData/frame1644.jpg
[1132 272 75 75],0.000518083572388,True,Lap_HoG,AnalysisData/frame1644.jpg
[1132 272 75 75],0.0405571460724,True,Lap_CNN,AnalysisData/frame1644.jpg
[1112 373 95 95],3.38554382324e-05,False,Lap_bhuman,AnalysisData/frame1644.jpg
[1112 373 95 95],1.4066696167e-05,False,Lap_Constrast,AnalysisData/frame1644.jpg
[1112 373 95 95],0.000576972961426,False,Lap_HoG,AnalysisData/frame1644.jpg
[1112 373 95 95],0.0407400131226,False,Lap_CNN,AnalysisData/frame1644.jpg
[1062 373 95 95],0.00426888465881,False,Lap_bhuman,AnalysisData/frame1644.jpg
[1062 373 95 95],0.00414991378784,False,Lap_Constrast,AnalysisData/frame1644.jpg
[1062 373 95 95],0.000571012496948,False,Lap_HoG,AnalysisData/frame1644.jpg
[1062 373 95 95],0.0474219322205,False,Lap_CNN,AnalysisData/frame1644.jpg
[1046 247 58 58],0.00100183486938,False,Lap_bhuman,AnalysisData/frame1644.jpg
[1046 247 58 58],0.000902891159058,False,Lap_Constrast,AnalysisData/frame1644.jpg
[1046 247 58 58],0.000731945037842,False,Lap_HoG,AnalysisData/frame1644.jpg
[1046 247 58 58],0.0446808338165,False,Lap_CNN,AnalysisData/frame1644.jpg
[313 300 46 46],0.00145602226257,False,Lap_bhuman,AnalysisData/frame1644.jpg
[313 300 46 46],0.000224113464355,True,Lap_Constrast,AnalysisData/frame1644.jpg
[313 300 46 46],0.000552892684937,False,Lap_HoG,AnalysisData/frame1644.jpg
[313 300 46 46],0.0408329963684,True,Lap_CNN,AnalysisData/frame1644.jpg
[1126 399 57 57],0.000308036804199,False,Lap_bhuman,AnalysisData/frame1644.jpg
[1126 399 57 57],0.000247001647949,True,Lap_Constrast,AnalysisData/frame1644.jpg
[1126 399 57 57],0.000542879104614,False,Lap_HoG,AnalysisData/frame1644.jpg
[1126 399 57 57],0.0429182052612,False,Lap_CNN,AnalysisData/frame1644.jpg
[1049 439 31 31],0.000587940216064,False,Lap_bhuman,AnalysisData/frame1644.jpg
[1049 439 31 31],0.00054407119751,False,Lap_Constrast,AnalysisData/frame1644.jpg
[1049 439 31 31],0.000726938247681,False,Lap_HoG,AnalysisData/frame1644.jpg
[1049 439 31 31],0.0406339168549,True,Lap_CNN,AnalysisData/frame1644.jpg
[1154 295 31 31],0.000527858734131,False,Lap_bhuman,AnalysisData/frame1644.jpg
[1154 295 31 31],0.000531911849976,False,Lap_Constrast,AnalysisData/frame1644.jpg
[1154 295 31 31],0.000569105148315,False,Lap_HoG,AnalysisData/frame1644.jpg
[1154 295 31 31],0.0392510890961,True,Lap_CNN,AnalysisData/frame1644.jpg
[353 237 86 86],0.000247955322266,False,DoG_bhuman,AnalysisData/frame2732.jpg
[353 237 86 86],0.000223875045776,True,DoG_Constrast,AnalysisData/frame2732.jpg
[353 237 86 86],0.000502824783325,False,DoG_HoG,AnalysisData/frame2732.jpg
[353 237 86 86],0.0416650772095,False,DoG_CNN,AnalysisData/frame2732.jpg
[457 365 88 88],3.21865081787e-05,False,DoG_bhuman,AnalysisData/frame2732.jpg
[457 365 88 88],1.38282775879e-05,False,DoG_Constrast,AnalysisData/frame2732.jpg
[457 365 88 88],0.000566959381104,False,DoG_HoG,AnalysisData/frame2732.jpg
[457 365 88 88],0.042995929718,True,DoG_CNN,AnalysisData/frame2732.jpg
[328 390 56 56],0.00537896156311,True,DoG_bhuman,AnalysisData/frame2732.jpg
[328 390 56 56],0.0447430610657,True,DoG_Constrast,AnalysisData/frame2732.jpg
[328 390 56 56],0.000541925430298,True,DoG_HoG,AnalysisData/frame2732.jpg
[328 390 56 56],0.04319190979,True,DoG_CNN,AnalysisData/frame2732.jpg
[390 170 91 91],0.00169801712036,False,DoG_bhuman,AnalysisData/frame2732.jpg
[390 170 91 91],0.00160789489746,False,DoG_Constrast,AnalysisData/frame2732.jpg
[390 170 91 91],0.000569105148315,False,DoG_HoG,AnalysisData/frame2732.jpg
[390 170 91 91],0.0429499149323,False,DoG_CNN,AnalysisData/frame2732.jpg
[993 181 73 73],0.00247502326965,False,DoG_bhuman,AnalysisData/frame2732.jpg
[993 181 73 73],0.0577659606934,True,DoG_Constrast,AnalysisData/frame2732.jpg
[993 181 73 73],0.000526905059814,False,DoG_HoG,AnalysisData/frame2732.jpg
[993 181 73 73],0.0417790412903,True,DoG_CNN,AnalysisData/frame2732.jpg
[480 175 81 81],0.00157690048218,False,DoG_bhuman,AnalysisData/frame2732.jpg
[480 175 81 81],0.00157284736633,False,DoG_Constrast,AnalysisData/frame2732.jpg
[480 175 81 81],0.000589847564697,False,DoG_HoG,AnalysisData/frame2732.jpg
[480 175 81 81],0.046844959259,False,DoG_CNN,AnalysisData/frame2732.jpg
[374 414 44 44],0.00041389465332,False,DoG_bhuman,AnalysisData/frame2732.jpg
[374 414 44 44],0.000302076339722,True,DoG_Constrast,AnalysisData/frame2732.jpg
[374 414 44 44],0.00068211555481,False,DoG_HoG,AnalysisData/frame2732.jpg
[374 414 44 44],0.0445499420166,True,DoG_CNN,AnalysisData/frame2732.jpg
[491 282 40 40],0.00137805938721,False,DoG_bhuman,AnalysisData/frame2732.jpg
[491 282 40 40],0.00129699707031,False,DoG_Constrast,AnalysisData/frame2732.jpg
[491 282 40 40],0.000562906265259,False,DoG_HoG,AnalysisData/frame2732.jpg
[491 282 40 40],0.0399730205536,False,DoG_CNN,AnalysisData/frame2732.jpg
[330 384 81 81],0.00270795822144,True,Lap_bhuman,AnalysisData/frame2732.jpg
[330 384 81 81],0.0315639972687,True,Lap_Constrast,AnalysisData/frame2732.jpg
[330 384 81 81],0.000487089157104,False,Lap_HoG,AnalysisData/frame2732.jpg
[330 384 81 81],0.0428061485291,False,Lap_CNN,AnalysisData/frame2732.jpg
[1009 188 61 61],0.00048303604126,False,Lap_bhuman,AnalysisData/frame2732.jpg
[1009 188 61 61],0.000329971313477,True,Lap_Constrast,AnalysisData/frame2732.jpg
[1009 188 61 61],0.000787973403931,False,Lap_HoG,AnalysisData/frame2732.jpg
[1009 188 61 61],0.0444111824036,False,Lap_CNN,AnalysisData/frame2732.jpg
[497 182 67 67],3.2901763916e-05,False,Lap_bhuman,AnalysisData/frame2732.jpg
[497 182 67 67],1.50203704834e-05,False,Lap_Constrast,AnalysisData/frame2732.jpg
[497 182 67 67],0.000629901885986,False,Lap_HoG,AnalysisData/frame2732.jpg
[497 182 67 67],0.0466780662537,False,Lap_CNN,AnalysisData/frame2732.jpg
[464 372 74 74],3.40938568115e-05,False,Lap_bhuman,AnalysisData/frame2732.jpg
[464 372 74 74],1.50203704834e-05,False,Lap_Constrast,AnalysisData/frame2732.jpg
[464 372 74 74],0.000591039657593,False,Lap_HoG,AnalysisData/frame2732.jpg
[464 372 74 74],0.0479650497437,True,Lap_CNN,AnalysisData/frame2732.jpg
[374 259 44 44],0.000468015670776,False,Lap_bhuman,AnalysisData/frame2732.jpg
[374 259 44 44],0.000320911407471,True,Lap_Constrast,AnalysisData/frame2732.jpg
[374 259 44 44],0.00074291229248,False,Lap_HoG,AnalysisData/frame2732.jpg
[374 259 44 44],0.0421209335327,False,Lap_CNN,AnalysisData/frame2732.jpg
[412 189 47 47],0.000971794128418,False,Lap_bhuman,AnalysisData/frame2732.jpg
[412 189 47 47],0.000929832458496,False,Lap_Constrast,AnalysisData/frame2732.jpg
[412 189 47 47],0.000591039657593,False,Lap_HoG,AnalysisData/frame2732.jpg
[412 189 47 47],0.0453109741211,False,Lap_CNN,AnalysisData/frame2732.jpg
[1018 215 23 23],0.000492811203003,False,Lap_bhuman,AnalysisData/frame2732.jpg
[1018 215 23 23],0.00045919418335,False,Lap_Constrast,AnalysisData/frame2732.jpg
[1018 215 23 23],0.000579118728638,False,Lap_HoG,AnalysisData/frame2732.jpg
[1018 215 23 23],0.0461909770966,False,Lap_CNN,AnalysisData/frame2732.jpg
[811 1 98 98],0.000247955322266,False,DoG_bhuman,AnalysisData/frame319.jpg
[811 1 98 98],0.000226974487305,True,DoG_Constrast,AnalysisData/frame319.jpg
[811 1 98 98],0.000463962554932,False,DoG_HoG,AnalysisData/frame319.jpg
[811 1 98 98],0.0406270027161,False,DoG_CNN,AnalysisData/frame319.jpg
[771 1 98 98],0.000308036804199,False,DoG_bhuman,AnalysisData/frame319.jpg
[771 1 98 98],0.000264883041382,True,DoG_Constrast,AnalysisData/frame319.jpg
[771 1 98 98],0.000566005706787,False,DoG_HoG,AnalysisData/frame319.jpg
[771 1 98 98],0.0421929359436,False,DoG_CNN,AnalysisData/frame319.jpg
[693 171 65 65],0.000242948532104,False,Lap_bhuman,AnalysisData/frame319.jpg
[693 171 65 65],0.000216960906982,True,Lap_Constrast,AnalysisData/frame319.jpg
[693 171 65 65],0.000481128692627,False,Lap_HoG,AnalysisData/frame319.jpg
[693 171 65 65],0.0391948223114,False,Lap_CNN,AnalysisData/frame319.jpg
[879 394 41 41],0.00178790092468,False,Lap_bhuman,AnalysisData/frame319.jpg
[879 394 41 41],0.00173401832581,False,Lap_Constrast,AnalysisData/frame319.jpg
[879 394 41 41],0.00053596496582,True,Lap_HoG,AnalysisData/frame319.jpg
[879 394 41 41],0.0510201454163,True,Lap_CNN,AnalysisData/frame319.jpg
[884 220 42 42],0.000447034835815,False,Lap_bhuman,AnalysisData/frame319.jpg
[884 220 42 42],0.000314950942993,True,Lap_Constrast,AnalysisData/frame319.jpg
[884 220 42 42],0.000691175460815,False,Lap_HoG,AnalysisData/frame319.jpg
[884 220 42 42],0.0520668029785,True,Lap_CNN,AnalysisData/frame319.jpg
[867 329 55 55],0.00161480903625,False,Lap_bhuman,AnalysisData/frame319.jpg
[867 329 55 55],0.00160598754883,False,Lap_Constrast,AnalysisData/frame319.jpg
[867 329 55 55],0.000787973403931,False,Lap_HoG,AnalysisData/frame319.jpg
[867 329 55 55],0.0458419322968,True,Lap_CNN,AnalysisData/frame319.jpg
[601 522 69 69],0.00338387489319,True,DoG_bhuman,AnalysisData/frame1337.jpg
[601 522 69 69],0.0507888793945,True,DoG_Constrast,AnalysisData/frame1337.jpg
[601 522 69 69],0.000519037246704,True,DoG_HoG,AnalysisData/frame1337.jpg
[601 522 69 69],0.0391809940338,True,DoG_CNN,AnalysisData/frame1337.jpg
[477 244 88 88],0.000849008560181,False,DoG_bhuman,AnalysisData/frame1337.jpg
[477 244 88 88],0.000805139541626,False,DoG_Constrast,AnalysisData/frame1337.jpg
[477 244 88 88],0.000599145889282,False,DoG_HoG,AnalysisData/frame1337.jpg
[477 244 88 88],0.0386579036713,True,DoG_CNN,AnalysisData/frame1337.jpg
[566 297 29 29],3.21865081787e-05,False,DoG_bhuman,AnalysisData/frame1337.jpg
[566 297 29 29],1.4066696167e-05,False,DoG_Constrast,AnalysisData/frame1337.jpg
[566 297 29 29],0.000558853149414,False,DoG_HoG,AnalysisData/frame1337.jpg
[566 297 29 29],0.0428760051727,False,DoG_CNN,AnalysisData/frame1337.jpg
[600 521 71 71],0.00336909294128,True,Lap_bhuman,AnalysisData/frame1337.jpg
[600 521 71 71],0.0515711307526,True,Lap_Constrast,AnalysisData/frame1337.jpg
[600 521 71 71],0.000545024871826,True,Lap_HoG,AnalysisData/frame1337.jpg
[600 521 71 71],0.0477259159088,True,Lap_CNN,AnalysisData/frame1337.jpg
[620 537 41 41],0.000843048095703,False,Lap_bhuman,AnalysisData/frame1337.jpg
[620 537 41 41],0.00080394744873,False,Lap_Constrast,AnalysisData/frame1337.jpg
[620 537 41 41],0.000617027282715,False,Lap_HoG,AnalysisData/frame1337.jpg
[620 537 41 41],0.0451500415802,True,Lap_CNN,AnalysisData/frame1337.jpg
[484 251 74 74],0.000852108001709,False,Lap_bhuman,AnalysisData/frame1337.jpg
[484 251 74 74],0.000805139541626,False,Lap_Constrast,AnalysisData/frame1337.jpg
[484 251 74 74],0.000669002532959,False,Lap_HoG,AnalysisData/frame1337.jpg
[484 251 74 74],0.0411908626556,True,Lap_CNN,AnalysisData/frame1337.jpg
[570 301 21 21],3.38554382324e-05,False,Lap_bhuman,AnalysisData/frame1337.jpg
[570 301 21 21],1.50203704834e-05,False,Lap_Constrast,AnalysisData/frame1337.jpg
[570 301 21 21],0.000568866729736,False,Lap_HoG,AnalysisData/frame1337.jpg
[570 301 21 21],0.0417308807373,False,Lap_CNN,AnalysisData/frame1337.jpg
[513 293 24 24],0.000519990921021,False,Lap_bhuman,AnalysisData/frame1337.jpg
[513 293 24 24],0.000486135482788,False,Lap_Constrast,AnalysisData/frame1337.jpg
[513 293 24 24],0.000572919845581,False,Lap_HoG,AnalysisData/frame1337.jpg
[513 293 24 24],0.0397319793701,False,Lap_CNN,AnalysisData/frame1337.jpg
[525 284 11 11],0.000304937362671,False,Lap_bhuman,AnalysisData/frame1337.jpg
[525 284 11 11],0.0002281665802,True,Lap_Constrast,AnalysisData/frame1337.jpg
[525 284 11 11],0.000550031661987,False,Lap_HoG,AnalysisData/frame1337.jpg
[525 284 11 11],0.0429210662842,False,Lap_CNN,AnalysisData/frame1337.jpg
[415 319 72 72],0.000241041183472,False,DoG_bhuman,AnalysisData/frame78.jpg
[415 319 72 72],0.000214099884033,True,DoG_Constrast,AnalysisData/frame78.jpg
[415 319 72 72],0.000468969345093,False,DoG_HoG,AnalysisData/frame78.jpg
[415 319 72 72],0.04549908638,True,DoG_CNN,AnalysisData/frame78.jpg
[546 597 89 89],0.00320219993591,False,DoG_bhuman,AnalysisData/frame78.jpg
[546 597 89 89],0.00291991233826,False,DoG_Constrast,AnalysisData/frame78.jpg
[546 597 89 89],0.000542879104614,False,DoG_HoG,AnalysisData/frame78.jpg
[546 597 89 89],0.0425460338593,False,DoG_CNN,AnalysisData/frame78.jpg
[643 326 66 66],0.00108790397644,False,Lap_bhuman,AnalysisData/frame78.jpg
[643 326 66 66],0.00104594230652,False,Lap_Constrast,AnalysisData/frame78.jpg
[643 326 66 66],0.000542879104614,False,Lap_HoG,AnalysisData/frame78.jpg
[643 326 66 66],0.0401120185852,True,Lap_CNN,AnalysisData/frame78.jpg
[445 656 92 92],0.000308990478516,False,Lap_bhuman,AnalysisData/frame78.jpg
[445 656 92 92],0.000268936157227,True,Lap_Constrast,AnalysisData/frame78.jpg
[445 656 92 92],0.000540971755981,False,Lap_HoG,AnalysisData/frame78.jpg
[445 656 92 92],0.0395610332489,True,Lap_CNN,AnalysisData/frame78.jpg
[459 500 93 93],0.000694990158081,False,Lap_bhuman,AnalysisData/frame78.jpg
[459 500 93 93],0.00066089630127,False,Lap_Constrast,AnalysisData/frame78.jpg
[459 500 93 93],0.000554084777832,False,Lap_HoG,AnalysisData/frame78.jpg
[459 500 93 93],0.0388579368591,True,Lap_CNN,AnalysisData/frame78.jpg
[723 333 55 55],0.000306844711304,False,Lap_bhuman,AnalysisData/frame78.jpg
[723 333 55 55],0.000243902206421,True,Lap_Constrast,AnalysisData/frame78.jpg
[723 333 55 55],0.000552892684937,False,Lap_HoG,AnalysisData/frame78.jpg
[723 333 55 55],0.0426599979401,False,Lap_CNN,AnalysisData/frame78.jpg
[482 320 87 87],0.00171494483948,False,Lap_bhuman,AnalysisData/frame78.jpg
[482 320 87 87],0.00168991088867,False,Lap_Constrast,AnalysisData/frame78.jpg
[482 320 87 87],0.000630140304565,False,Lap_HoG,AnalysisData/frame78.jpg
[482 320 87 87],0.0392758846283,True,Lap_CNN,AnalysisData/frame78.jpg
[422 326 58 58],0.000311851501465,False,Lap_bhuman,AnalysisData/frame78.jpg
[422 326 58 58],0.000249862670898,True,Lap_Constrast,AnalysisData/frame78.jpg
[422 326 58 58],0.000566959381104,False,Lap_HoG,AnalysisData/frame78.jpg
[422 326 58 58],0.0413191318512,True,Lap_CNN,AnalysisData/frame78.jpg
[711 697 50 50],0.000312089920044,False,Lap_bhuman,AnalysisData/frame78.jpg
[711 697 50 50],0.000241041183472,True,Lap_Constrast,AnalysisData/frame78.jpg
[711 697 50 50],0.000552177429199,False,Lap_HoG,AnalysisData/frame78.jpg
[711 697 50 50],0.0503568649292,False,Lap_CNN,AnalysisData/frame78.jpg
[1074 338 51 51],2.31266021729e-05,False,DoG_bhuman,AnalysisData/frame238.jpg
[1074 338 51 51],1.31130218506e-05,False,DoG_Constrast,AnalysisData/frame238.jpg
[1074 338 51 51],0.000504970550537,False,DoG_HoG,AnalysisData/frame238.jpg
[1074 338 51 51],0.0431709289551,True,DoG_CNN,AnalysisData/frame238.jpg
[268 327 45 45],3.19480895996e-05,False,DoG_bhuman,AnalysisData/frame238.jpg
[268 327 45 45],1.4066696167e-05,False,DoG_Constrast,AnalysisData/frame238.jpg
[268 327 45 45],0.000591993331909,False,DoG_HoG,AnalysisData/frame238.jpg
[268 327 45 45],0.0446090698242,True,DoG_CNN,AnalysisData/frame238.jpg
[1058 343 43 43],0.000907897949219,False,DoG_bhuman,AnalysisData/frame238.jpg
[1058 343 43 43],0.000861167907715,False,DoG_Constrast,AnalysisData/frame238.jpg
[1058 343 43 43],0.00058388710022,False,DoG_HoG,AnalysisData/frame238.jpg
[1058 343 43 43],0.0443041324615,True,DoG_CNN,AnalysisData/frame238.jpg
[290 328 41 41],0.00144696235657,False,DoG_bhuman,AnalysisData/frame238.jpg
[290 328 41 41],0.0002281665802,True,DoG_Constrast,AnalysisData/frame238.jpg
[290 328 41 41],0.000554084777832,False,DoG_HoG,AnalysisData/frame238.jpg
[290 328 41 41],0.0400800704956,False,DoG_CNN,AnalysisData/frame238.jpg
[1069 343 41 41],0.00100111961365,False,Lap_bhuman,AnalysisData/frame238.jpg
[1069 343 41 41],0.000934839248657,False,Lap_Constrast,AnalysisData/frame238.jpg
[1069 343 41 41],0.00049090385437,False,Lap_HoG,AnalysisData/frame238.jpg
[1069 343 41 41],0.0456328392029,True,Lap_CNN,AnalysisData/frame238.jpg
[280 329 41 41],0.00225496292114,False,Lap_bhuman,AnalysisData/frame238.jpg
[280 329 41 41],0.00686693191528,True,Lap_Constrast,AnalysisData/frame238.jpg
[280 329 41 41],0.000553131103516,False,Lap_HoG,AnalysisData/frame238.jpg
[280 329 41 41],0.0412302017212,True,Lap_CNN,AnalysisData/frame238.jpg
[1079 353 21 21],0.00097918510437,False,Lap_bhuman,AnalysisData/frame238.jpg
[1079 353 21 21],0.000942945480347,False,Lap_Constrast,AnalysisData/frame238.jpg
[1079 353 21 21],0.000552892684937,False,Lap_HoG,AnalysisData/frame238.jpg
[1079 353 21 21],0.0411820411682,True,Lap_CNN,AnalysisData/frame238.jpg
[292 341 17 17],0.000380992889404,False,Lap_bhuman,AnalysisData/frame238.jpg
[292 341 17 17],0.000353097915649,False,Lap_Constrast,AnalysisData/frame238.jpg
[292 341 17 17],0.000549077987671,False,Lap_HoG,AnalysisData/frame238.jpg
[292 341 17 17],0.0414428710938,False,Lap_CNN,AnalysisData/frame238.jpg
[713 359 95 95],0.00445985794067,False,DoG_bhuman,AnalysisData/frame1483.jpg
[713 359 95 95],0.10039806366,True,DoG_Constrast,AnalysisData/frame1483.jpg
[713 359 95 95],0.000711917877197,True,DoG_HoG,AnalysisData/frame1483.jpg
[713 359 95 95],0.0650999546051,True,DoG_CNN,AnalysisData/frame1483.jpg
[818 298 84 84],0.000329971313477,False,DoG_bhuman,AnalysisData/frame1483.jpg
[818 298 84 84],0.000266075134277,True,DoG_Constrast,AnalysisData/frame1483.jpg
[818 298 84 84],0.000606060028076,False,DoG_HoG,AnalysisData/frame1483.jpg
[818 298 84 84],0.0476942062378,False,DoG_CNN,AnalysisData/frame1483.jpg
[681 570 60 60],0.000359058380127,False,DoG_bhuman,AnalysisData/frame1483.jpg
[681 570 60 60],0.000285863876343,True,DoG_Constrast,AnalysisData/frame1483.jpg
[681 570 60 60],0.000632047653198,True,DoG_HoG,AnalysisData/frame1483.jpg
[681 570 60 60],0.0679988861084,True,DoG_CNN,AnalysisData/frame1483.jpg
[1 302 100 100],0.00244188308716,False,DoG_bhuman,AnalysisData/frame1483.jpg
[1 302 100 100],0.00412583351135,False,DoG_Constrast,AnalysisData/frame1483.jpg
[1 302 100 100],0.000888109207153,False,DoG_HoG,AnalysisData/frame1483.jpg
[1 302 100 100],0.0578138828278,False,DoG_CNN,AnalysisData/frame1483.jpg
[720 366 81 81],0.00159096717834,False,Lap_bhuman,AnalysisData/frame1483.jpg
[720 366 81 81],0.0016610622406,False,Lap_Constrast,AnalysisData/frame1483.jpg
[720 366 81 81],0.000495910644531,True,Lap_HoG,AnalysisData/frame1483.jpg
[720 366 81 81],0.0417218208313,True,Lap_CNN,AnalysisData/frame1483.jpg
[542 369 88 88],0.000305891036987,False,Lap_bhuman,AnalysisData/frame1483.jpg
[542 369 88 88],0.000257968902588,True,Lap_Constrast,AnalysisData/frame1483.jpg
[542 369 88 88],0.000576972961426,False,Lap_HoG,AnalysisData/frame1483.jpg
[542 369 88 88],0.0484409332275,True,Lap_CNN,AnalysisData/frame1483.jpg
[620 576 61 61],0.00282907485962,False,Lap_bhuman,AnalysisData/frame1483.jpg
[620 576 61 61],0.00280094146729,False,Lap_Constrast,AnalysisData/frame1483.jpg
[620 576 61 61],0.00061297416687,False,Lap_HoG,AnalysisData/frame1483.jpg
[620 576 61 61],0.0597457885742,True,Lap_CNN,AnalysisData/frame1483.jpg
[1 307 92 92],0.00209903717041,False,Lap_bhuman,AnalysisData/frame1483.jpg
[1 307 92 92],0.00207591056824,False,Lap_Constrast,AnalysisData/frame1483.jpg
[1 307 92 92],0.000594139099121,False,Lap_HoG,AnalysisData/frame1483.jpg
[1 307 92 92],0.0448129177094,False,Lap_CNN,AnalysisData/frame1483.jpg
[825 305 70 70],0.000323057174683,False,Lap_bhuman,AnalysisData/frame1483.jpg
[825 305 70 70],0.000259876251221,True,Lap_Constrast,AnalysisData/frame1483.jpg
[825 305 70 70],0.000598907470703,False,Lap_HoG,AnalysisData/frame1483.jpg
[825 305 70 70],0.0466310977936,False,Lap_CNN,AnalysisData/frame1483.jpg
[733 377 56 56],0.00118398666382,False,Lap_bhuman,AnalysisData/frame1483.jpg
[733 377 56 56],0.0010290145874,False,Lap_Constrast,AnalysisData/frame1483.jpg
[733 377 56 56],0.000622987747192,False,Lap_HoG,AnalysisData/frame1483.jpg
[733 377 56 56],0.0455329418182,True,Lap_CNN,AnalysisData/frame1483.jpg
[553 379 66 66],0.000334978103638,False,Lap_bhuman,AnalysisData/frame1483.jpg
[553 379 66 66],0.000258207321167,True,Lap_Constrast,AnalysisData/frame1483.jpg
[553 379 66 66],0.000648021697998,False,Lap_HoG,AnalysisData/frame1483.jpg
[553 379 66 66],0.0460758209229,False,Lap_CNN,AnalysisData/frame1483.jpg
[688 577 46 46],0.000379085540771,False,Lap_bhuman,AnalysisData/frame1483.jpg
[688 577 46 46],0.000252962112427,True,Lap_Constrast,AnalysisData/frame1483.jpg
[688 577 46 46],0.000581979751587,False,Lap_HoG,AnalysisData/frame1483.jpg
[688 577 46 46],0.0383930206299,True,Lap_CNN,AnalysisData/frame1483.jpg
[460 516 82 82],0.0025908946991,False,DoG_bhuman,AnalysisData/frame707.jpg
[460 516 82 82],0.00252199172974,False,DoG_Constrast,AnalysisData/frame707.jpg
[460 516 82 82],0.000603914260864,True,DoG_HoG,AnalysisData/frame707.jpg
[460 516 82 82],0.101743936539,True,DoG_CNN,AnalysisData/frame707.jpg
[885 148 49 49],0.00203800201416,False,DoG_bhuman,AnalysisData/frame707.jpg
[885 148 49 49],0.0152261257172,True,DoG_Constrast,AnalysisData/frame707.jpg
[885 148 49 49],0.000581026077271,False,DoG_HoG,AnalysisData/frame707.jpg
[885 148 49 49],0.0540330410004,True,DoG_CNN,AnalysisData/frame707.jpg
[434 140 34 34],0.000312089920044,False,DoG_bhuman,AnalysisData/frame707.jpg
[434 140 34 34],0.000686168670654,True,DoG_Constrast,AnalysisData/frame707.jpg
[434 140 34 34],0.000565052032471,False,DoG_HoG,AnalysisData/frame707.jpg
[434 140 34 34],0.0445590019226,False,DoG_CNN,AnalysisData/frame707.jpg
[460 517 81 81],0.00258803367615,False,Lap_bhuman,AnalysisData/frame707.jpg
[460 517 81 81],0.0025520324707,False,Lap_Constrast,AnalysisData/frame707.jpg
[460 517 81 81],0.000509023666382,True,Lap_HoG,AnalysisData/frame707.jpg
[460 517 81 81],0.0442671775818,True,Lap_CNN,AnalysisData/frame707.jpg
[892 155 35 35],0.000710010528564,False,Lap_bhuman,AnalysisData/frame707.jpg
[892 155 35 35],0.000674962997437,False,Lap_Constrast,AnalysisData/frame707.jpg
[892 155 35 35],0.00056791305542,False,Lap_HoG,AnalysisData/frame707.jpg
[892 155 35 35],0.0400030612946,False,Lap_CNN,AnalysisData/frame707.jpg
[440 147 21 21],0.000298976898193,False,Lap_bhuman,AnalysisData/frame707.jpg
[440 147 21 21],0.000232934951782,True,Lap_Constrast,AnalysisData/frame707.jpg
[440 147 21 21],0.000570058822632,False,Lap_HoG,AnalysisData/frame707.jpg
[440 147 21 21],0.0466809272766,False,Lap_CNN,AnalysisData/frame707.jpg
[450 378 62 62],0.00172185897827,False,DoG_bhuman,AnalysisData/frame2955.jpg
[450 378 62 62],0.00800085067749,True,DoG_Constrast,AnalysisData/frame2955.jpg
[450 378 62 62],0.000530958175659,False,DoG_HoG,AnalysisData/frame2955.jpg
[450 378 62 62],0.0495519638062,True,DoG_CNN,AnalysisData/frame2955.jpg
[484 355 84 84],0.00244784355164,True,DoG_bhuman,AnalysisData/frame2955.jpg
[484 355 84 84],0.0309460163116,True,DoG_Constrast,AnalysisData/frame2955.jpg
[484 355 84 84],0.000524044036865,False,DoG_HoG,AnalysisData/frame2955.jpg
[484 355 84 84],0.0415301322937,False,DoG_CNN,AnalysisData/frame2955.jpg
[355 251 62 62],0.00115585327148,False,DoG_bhuman,AnalysisData/frame2955.jpg
[355 251 62 62],0.00112318992615,False,DoG_Constrast,AnalysisData/frame2955.jpg
[355 251 62 62],0.000593900680542,False,DoG_HoG,AnalysisData/frame2955.jpg
[355 251 62 62],0.0385570526123,False,DoG_CNN,AnalysisData/frame2955.jpg
[323 251 66 66],3.2901763916e-05,False,DoG_bhuman,AnalysisData/frame2955.jpg
[323 251 66 66],1.50203704834e-05,False,DoG_Constrast,AnalysisData/frame2955.jpg
[323 251 66 66],0.000633001327515,False,DoG_HoG,AnalysisData/frame2955.jpg
[323 251 66 66],0.0410270690918,False,DoG_CNN,AnalysisData/frame2955.jpg
[541 389 40 40],0.00268006324768,True,DoG_bhuman,AnalysisData/frame2955.jpg
[541 389 40 40],0.0142891407013,True,DoG_Constrast,AnalysisData/frame2955.jpg
[541 389 40 40],0.000582933425903,True,DoG_HoG,AnalysisData/frame2955.jpg
[541 389 40 40],0.0423579216003,True,DoG_CNN,AnalysisData/frame2955.jpg
[448 316 55 55],0.00185704231262,False,DoG_bhuman,AnalysisData/frame2955.jpg
[448 316 55 55],0.0192329883575,True,DoG_Constrast,AnalysisData/frame2955.jpg
[448 316 55 55],0.000560998916626,False,DoG_HoG,AnalysisData/frame2955.jpg
[448 316 55 55],0.0398659706116,False,DoG_CNN,AnalysisData/frame2955.jpg
[505 320 31 31],0.000849008560181,False,DoG_bhuman,AnalysisData/frame2955.jpg
[505 320 31 31],0.000766038894653,False,DoG_Constrast,AnalysisData/frame2955.jpg
[505 320 31 31],0.000581026077271,False,DoG_HoG,AnalysisData/frame2955.jpg
[505 320 31 31],0.0447080135345,False,DoG_CNN,AnalysisData/frame2955.jpg
[834 276 31 31],0.00147891044617,False,DoG_bhuman,AnalysisData/frame2955.jpg
[834 276 31 31],0.000216007232666,True,DoG_Constrast,AnalysisData/frame2955.jpg
[834 276 31 31],0.000558137893677,False,DoG_HoG,AnalysisData/frame2955.jpg
[834 276 31 31],0.041934967041,False,DoG_CNN,AnalysisData/frame2955.jpg
[340 254 61 61],2.38418579102e-05,False,Lap_bhuman,AnalysisData/frame2955.jpg
[340 254 61 61],2.47955322266e-05,False,Lap_Constrast,AnalysisData/frame2955.jpg
[340 254 61 61],0.000536918640137,False,Lap_HoG,AnalysisData/frame2955.jpg
[340 254 61 61],0.0411438941956,False,Lap_CNN,AnalysisData/frame2955.jpg
[457 385 48 48],0.00197100639343,False,Lap_bhuman,AnalysisData/frame2955.jpg
[457 385 48 48],0.00932312011719,True,Lap_Constrast,AnalysisData/frame2955.jpg
[457 385 48 48],0.000581979751587,False,Lap_HoG,AnalysisData/frame2955.jpg
[457 385 48 48],0.0379810333252,True,Lap_CNN,AnalysisData/frame2955.jpg
[540 389 41 41],0.00267004966736,True,Lap_bhuman,AnalysisData/frame2955.jpg
[540 389 41 41],0.012687921524,True,Lap_Constrast,AnalysisData/frame2955.jpg
[540 389 41 41],0.000566005706787,True,Lap_HoG,AnalysisData/frame2955.jpg
[540 389 41 41],0.0425798892975,True,Lap_CNN,AnalysisData/frame2955.jpg
[491 362 70 70],0.00124001502991,False,Lap_bhuman,AnalysisData/frame2955.jpg
[491 362 70 70],0.00117897987366,False,Lap_Constrast,AnalysisData/frame2955.jpg
[491 362 70 70],0.000602006912231,False,Lap_HoG,AnalysisData/frame2955.jpg
[491 362 70 70],0.0449528694153,False,Lap_CNN,AnalysisData/frame2955.jpg
[455 323 41 41],0.000820159912109,False,Lap_bhuman,AnalysisData/frame2955.jpg
[455 323 41 41],0.000727891921997,False,Lap_Constrast,AnalysisData/frame2955.jpg
[455 323 41 41],0.000618934631348,False,Lap_HoG,AnalysisData/frame2955.jpg
[455 323 41 41],0.0437769889832,False,Lap_CNN,AnalysisData/frame2955.jpg
[355 271 31 31],3.19480895996e-05,False,Lap_bhuman,AnalysisData/frame2955.jpg
[355 271 31 31],1.50203704834e-05,False,Lap_Constrast,AnalysisData/frame2955.jpg
[355 271 31 31],0.000613927841187,False,Lap_HoG,AnalysisData/frame2955.jpg
[355 271 31 31],0.0421929359436,True,Lap_CNN,AnalysisData/frame2955.jpg
[510 325 21 21],0.000756025314331,False,Lap_bhuman,AnalysisData/frame2955.jpg
[510 325 21 21],0.000710010528564,False,Lap_Constrast,AnalysisData/frame2955.jpg
[510 325 21 21],0.000576019287109,False,Lap_HoG,AnalysisData/frame2955.jpg
[510 325 21 21],0.0439250469208,False,Lap_CNN,AnalysisData/frame2955.jpg
[839 281 21 21],0.00146985054016,False,Lap_bhuman,AnalysisData/frame2955.jpg
[839 281 21 21],0.000213146209717,True,Lap_Constrast,AnalysisData/frame2955.jpg
[839 281 21 21],0.000555992126465,False,Lap_HoG,AnalysisData/frame2955.jpg
[839 281 21 21],0.0421779155731,False,Lap_CNN,AnalysisData/frame2955.jpg
[460 516 82 82],0.00280094146729,False,DoG_bhuman,AnalysisData/frame707.jpg
[460 516 82 82],0.00275611877441,False,DoG_Constrast,AnalysisData/frame707.jpg
[460 516 82 82],0.000607013702393,True,DoG_HoG,AnalysisData/frame707.jpg
[460 516 82 82],0.111112117767,True,DoG_CNN,AnalysisData/frame707.jpg
[885 148 49 49],0.00211191177368,False,DoG_bhuman,AnalysisData/frame707.jpg
[885 148 49 49],0.0161130428314,True,DoG_Constrast,AnalysisData/frame707.jpg
[885 148 49 49],0.000572919845581,False,DoG_HoG,AnalysisData/frame707.jpg
[885 148 49 49],0.0465729236603,True,DoG_CNN,AnalysisData/frame707.jpg
[434 140 34 34],0.000316143035889,False,DoG_bhuman,AnalysisData/frame707.jpg
[434 140 34 34],0.00068211555481,True,DoG_Constrast,AnalysisData/frame707.jpg
[434 140 34 34],0.000574111938477,False,DoG_HoG,AnalysisData/frame707.jpg
[434 140 34 34],0.0430498123169,False,DoG_CNN,AnalysisData/frame707.jpg
[460 517 81 81],0.00289297103882,False,Lap_bhuman,AnalysisData/frame707.jpg
[460 517 81 81],0.00275588035583,False,Lap_Constrast,AnalysisData/frame707.jpg
[460 517 81 81],0.000508785247803,True,Lap_HoG,AnalysisData/frame707.jpg
[460 517 81 81],0.0464198589325,True,Lap_CNN,AnalysisData/frame707.jpg
[892 155 35 35],0.000777006149292,False,Lap_bhuman,AnalysisData/frame707.jpg
[892 155 35 35],0.000725030899048,False,Lap_Constrast,AnalysisData/frame707.jpg
[892 155 35 35],0.000600099563599,False,Lap_HoG,AnalysisData/frame707.jpg
[892 155 35 35],0.0445981025696,False,Lap_CNN,AnalysisData/frame707.jpg
[440 147 21 21],0.000312089920044,False,Lap_bhuman,AnalysisData/frame707.jpg
[440 147 21 21],0.000237941741943,True,Lap_Constrast,AnalysisData/frame707.jpg
[440 147 21 21],0.000549793243408,False,Lap_HoG,AnalysisData/frame707.jpg
[440 147 21 21],0.0424959659576,False,Lap_CNN,AnalysisData/frame707.jpg
